{
  "bev_world_dim": [
    15,
    20
  ],
  "unit_conversion_factor": [
    0.025,
    0.025
  ],
  "src": [
    [
      116.5019760131836,
      296.830810546875
    ],
    [
      -2634.125732421875,
      266.0819396972656
    ],
    [
      3532.79638671875,
      266.0819396972656
    ],
    [
      692.7174682617188,
      296.830810546875
    ]
  ]
}