{
  "bev_world_dim": [
    15,
    20
  ],
  "unit_conversion_factor": [
    0.025,
    0.025
  ],
  "src": [
    [
      43.54545454545453,
      351.3446494845361
    ],
    [
      165.68520578420464,
      602.3177445323929
    ],
    [
      634.3147942157952,
      602.3177445323929
    ],
    [
      756.4545454545454,
      351.3446494845361
    ]
  ]
}
